{
    "type": "minecraft:crafting_shaped",
    "pattern": [
        "RB ",
        "BR "
    ],
    "key": {
        "R": [
            {
                "item": "minecraft:brown_mushroom"
            },
            {
                "item": "minecraft:red_mushroom"
            }
        ],
        "B": [
            {
                "item": "minecraft:brown_mushroom"
            },
            {
                "item": "minecraft:red_mushroom"
            }
        ]
    },
    "result": {
        "id": "minecraft:mushroom_stem",
        "count": 1
    }
}