{
    "type": "minecraft:crafting_shaped",
    "pattern": [
        "PPP",
        "#I#",
        "#R#"
    ],
    "key": {
        "P": {
            "tag": "minecraft:planks"
        },
        "#": {
            "tag": "crafting:alternate_stones"
        },
        "I": {
            "item": "minecraft:iron_ingot"
        },
        "R": {
            "item": "minecraft:redstone"
        }
    },
    "result": {
        "id": "minecraft:piston",
        "count": 1
    }
}