{
    "parent": "minecraft:recipes/root",
    "rewards": {
        "recipes": [
            "minecraft:gravel"
        ]
    },
    "criteria": {
        "has_flint": {
            "trigger": "minecraft:inventory_changed",
            "conditions": {
                "items": [
                    {
                        "item": "minecraft:flint"
                    }
                ]
            }
        },
        "has_recipe": {
            "trigger": "minecraft:recipe_unlocked",
            "conditions": {
                "recipe": "minecraft:gravel"
            }
        }
    },
    "requirements": [
        [
            "has_flint",
            "has_recipe"
        ]
    ]
}