{
    "parent": "minecraft:recipes/root",
    "rewards": {
        "recipes": [
            "crafting:string_to_cobweb"
        ]
    },
    "criteria": {
        "has_string": {
            "trigger": "minecraft:inventory_changed",
            "conditions": {
                "items": [
                    {
                        "item": "minecraft:string"
                    }
                ]
            }
        },
        "has_recipe": {
            "trigger": "minecraft:recipe_unlocked",
            "conditions": {
                "recipe": "crafting:string"
            }
        }
    },
    "requirements": [
        [
            "has_string",
            "has_recipe"
        ]
    ]
}