{
    "parent": "minecraft:recipes/root",
    "rewards": {
        "recipes": [
            "crafting:wool_to_string"
        ]
    },
    "criteria": {
        "has_wool": {
            "trigger": "minecraft:inventory_changed",
            "conditions": {
                "items": [
                    {
                        "tag": "minecraft:wool"
                    }
                ]
            }
        },
        "has_recipe": {
            "trigger": "minecraft:recipe_unlocked",
            "conditions": {
                "recipe": "crafting:wool_to_string"
            }
        }
    },
    "requirements": [
        [
            "has_wool",
            "has_recipe"
        ]
    ]
}